hash,name,abiv1,abiv2
b6fc1a11,abort,1,1
83f00e8f,sol_alloc_free_,1,0
174c5122,sol_blake3,1,1
9377323c,sol_create_program_address,1,1
dd1c41a6,sol_curve_group_op,1,1
aa2607ca,sol_curve_validate_point,1,1
d56b5fe9,sol_get_clock_sysvar,1,1
23a29a61,sol_get_epoch_schedule_sysvar,1,1
3b97b73c,sol_get_fees_sysvar,1,1
adb8efc8,sol_get_processed_sibling_instruction,1,0
bf7188f6,sol_get_rent_sysvar,1,1
5d2245e4,sol_get_return_data,1,0
85532d94,sol_get_stack_height,1,0
a22b9c85,sol_invoke_signed_c,1,0
d7449092,sol_invoke_signed_rust,1,0
d7793abb,sol_keccak256,1,1
207559bd,sol_log_,1,1
5c2a3178,sol_log_64_,1,1
52ba5096,sol_log_compute_units_,1,1
7317b434,sol_log_data,1,1
7ef088ca,sol_log_pubkey,1,1
5fdcde31,sol_memcmp_,1,1
717cc4a3,sol_memcpy_,1,1
434371f8,sol_memmove_,1,1
3770fb22,sol_memset_,1,1
686093bb,sol_panic_,1,1
17e40350,sol_secp256k1_recover,1,1
e9d4e027,sol_set_account_attributes,0,1
a226d3eb,sol_set_return_data,1,0
11f49d86,sol_sha256,1,1
48504a38,sol_try_find_program_address,1,1
